{"train_loss": [8.384574095408121, 5.048181176185608, 3.507939080397288, 2.5987645586331687, 2.00711519519488, 1.5717988510926564, 1.3076095779736836, 1.1528532455364864, 1.028792108098666, 0.9525696585575739, 0.9247391919294993, 0.8890097538630167], "val_loss": [5.990391254425049, 4.268690347671509, 3.315054178237915, 2.775316596031189, 2.3359068632125854, 2.135211944580078, 2.03016060590744, 1.9400365352630615, 1.9027536511421204, 1.8849961757659912, 1.8709046840667725, 1.8673596382141113]}